{
  "xgb": {
    "accuracy": 0.9950392247346562,
    "f1_macro": 0.9616424483783191,
    "precision_macro": 0.9675185290571889,
    "recall_macro": 0.9561003313521272,
    "classes": [
      "Benign",
      "DoS",
      "Probe",
      "R2L",
      "U2R"
    ]
  },
  "dnn": {
    "accuracy": 0.9856945085371481,
    "f1_macro": 0.9178798836849731,
    "precision_macro": 0.9392598388308221,
    "recall_macro": 0.9018573101898454,
    "classes": [
      "Benign",
      "DoS",
      "Probe",
      "R2L",
      "U2R"
    ]
  },
  "catb": {
    "accuracy": 0.9934817720350715,
    "f1_macro": 0.9369692916968064,
    "precision_macro": 0.9455864534601272,
    "recall_macro": 0.9290478613249565,
    "classes": [
      "Benign",
      "DoS",
      "Probe",
      "R2L",
      "U2R"
    ]
  },
  "bagging": {
    "accuracy": 0.992904937701892,
    "f1_macro": 0.9487639066993075,
    "precision_macro": 0.9743016127996602,
    "recall_macro": 0.9293811184711757,
    "classes": [
      "Benign",
      "DoS",
      "Probe",
      "R2L",
      "U2R"
    ]
  },
  "histgbm": {
    "accuracy": 0.9944047069681587,
    "f1_macro": 0.9522865677654492,
    "precision_macro": 0.9708030045086818,
    "recall_macro": 0.9370141589083287,
    "classes": [
      "Benign",
      "DoS",
      "Probe",
      "R2L",
      "U2R"
    ]
  }
}