{
  "accuracy": 0.9950392247346562,
  "f1_macro": 0.9616424483783191,
  "precision_macro": 0.9675185290571889,
  "recall_macro": 0.9561003313521272,
  "classes": [
    "Benign",
    "DoS",
    "Probe",
    "R2L",
    "U2R"
  ]
}