{
  "accuracy": 0.8197147261813847,
  "f1_micro": 0.8197147261813847,
  "precision_micro": 0.8197147261813847,
  "recall_micro": 0.8197147261813847,
  "f1_macro": 0.7176640741519885,
  "precision_macro": 0.6985489082691473,
  "recall_macro": 0.9141937424466202,
  "classification_report": {
    "0": {
      "precision": 0.9980372719752642,
      "recall": 0.7920872848040815,
      "f1-score": 0.8832152264470637,
      "support": 2411233.0
    },
    "1": {
      "precision": 0.9928432159651336,
      "recall": 0.9999768967747897,
      "f1-score": 0.9963972881824146,
      "support": 43284.0
    },
    "2": {
      "precision": 0.3898916967509025,
      "recall": 0.8852459016393442,
      "f1-score": 0.5413533834586466,
      "support": 122.0
    },
    "3": {
      "precision": 0.08108108108108109,
      "recall": 0.8507462686567164,
      "f1-score": 0.14805194805194805,
      "support": 67.0
    },
    "4": {
      "precision": 0.9915568334801469,
      "recall": 1.0,
      "f1-score": 0.9957605194198255,
      "support": 59659.0
    },
    "5": {
      "precision": 0.9862528985714695,
      "recall": 0.9999361448930427,
      "f1-score": 0.9930473884469042,
      "support": 172265.0
    },
    "6": {
      "precision": 0.9928040297433437,
      "recall": 0.9999194717345788,
      "f1-score": 0.9963490471414242,
      "support": 12418.0
    },
    "7": {
      "precision": 0.999517950601414,
      "recall": 0.9996097337006428,
      "f1-score": 0.9995638400440751,
      "support": 43560.0
    },
    "9": {
      "precision": 0.8960319901568748,
      "recall": 0.9996568291008923,
      "f1-score": 0.9450121654501217,
      "support": 2914.0
    },
    "11": {
      "precision": 0.04737836388689768,
      "recall": 0.8662941879260665,
      "f1-score": 0.08984313075231277,
      "support": 28458.0
    },
    "12": {
      "precision": 0.013636363636363636,
      "recall": 0.5769230769230769,
      "f1-score": 0.02664298401420959,
      "support": 26.0
    },
    "13": {
      "precision": 0.9935552033808769,
      "recall": 0.9999291132062097,
      "f1-score": 0.9967319684149164,
      "support": 28214.0
    },
    "accuracy": 0.8197147261813847,
    "macro avg": {
      "precision": 0.6985489082691473,
      "recall": 0.9141937424466202,
      "f1-score": 0.7176640741519885,
      "support": 2802220.0
    },
    "weighted avg": {
      "precision": 0.987231291340085,
      "recall": 0.8197147261813847,
      "f1-score": 0.8895310800739168,
      "support": 2802220.0
    }
  },
  "features": [
    "Dst Port",
    "Flow Duration",
    "Tot Fwd Pkts",
    "Tot Bwd Pkts",
    "TotLen Fwd Pkts",
    "TotLen Bwd Pkts",
    "Fwd Pkt Len Max",
    "Fwd Pkt Len Min",
    "Fwd Pkt Len Mean",
    "Fwd Pkt Len Std",
    "Bwd Pkt Len Max",
    "Bwd Pkt Len Min",
    "Bwd Pkt Len Mean",
    "Bwd Pkt Len Std",
    "Flow Byts/s",
    "Flow Pkts/s",
    "Flow IAT Mean",
    "Flow IAT Std",
    "Flow IAT Max",
    "Flow IAT Min",
    "Fwd IAT Tot",
    "Fwd IAT Mean",
    "Fwd IAT Std",
    "Fwd IAT Max",
    "Fwd IAT Min",
    "Bwd IAT Tot",
    "Bwd IAT Mean",
    "Bwd IAT Std",
    "Bwd IAT Max",
    "Bwd IAT Min",
    "Fwd Header Len",
    "Bwd Header Len",
    "Fwd Pkts/s",
    "Bwd Pkts/s",
    "Pkt Len Min",
    "Pkt Len Max",
    "Pkt Len Mean",
    "Pkt Len Std",
    "Pkt Len Var",
    "RST Flag Cnt",
    "PSH Flag Cnt",
    "ACK Flag Cnt",
    "ECE Flag Cnt",
    "Down/Up Ratio",
    "Pkt Size Avg",
    "Fwd Seg Size Avg",
    "Bwd Seg Size Avg",
    "Subflow Fwd Pkts",
    "Subflow Fwd Byts",
    "Subflow Bwd Pkts",
    "Subflow Bwd Byts",
    "Init Fwd Win Byts",
    "Fwd Act Data Pkts",
    "Fwd Seg Size Min",
    "Active Mean",
    "Active Std",
    "Active Max",
    "Active Min",
    "Idle Mean",
    "Idle Std",
    "Idle Max",
    "Idle Min"
  ],
  "cat_features": [
    "RST Flag Cnt",
    "PSH Flag Cnt",
    "ACK Flag Cnt",
    "ECE Flag Cnt"
  ]
}