{
  "accuracy": 0.9852369642664364,
  "f1_weighted": 0.9852140749072378,
  "precision_weighted": 0.9852127184108336,
  "recall_weighted": 0.9852369642664364,
  "classification_report": {
    "0": {
      "precision": 0.949405960531615,
      "recall": 0.94295,
      "f1-score": 0.9461669676901465,
      "support": 20000.0
    },
    "1": {
      "precision": 1.0,
      "recall": 0.9999,
      "f1-score": 0.999949997499875,
      "support": 20000.0
    },
    "2": {
      "precision": 0.9342105263157895,
      "recall": 0.8765432098765432,
      "f1-score": 0.9044585987261147,
      "support": 81.0
    },
    "3": {
      "precision": 0.9285714285714286,
      "recall": 0.8666666666666667,
      "f1-score": 0.896551724137931,
      "support": 45.0
    },
    "4": {
      "precision": 1.0,
      "recall": 0.9998936679249295,
      "f1-score": 0.9999468311356869,
      "support": 18809.0
    },
    "5": {
      "precision": 0.45454545454545453,
      "recall": 1.0,
      "f1-score": 0.625,
      "support": 10.0
    },
    "6": {
      "precision": 0.9998000399920016,
      "recall": 1.0,
      "f1-score": 0.9999000099990001,
      "support": 20000.0
    },
    "7": {
      "precision": 0.9998500224966255,
      "recall": 1.0,
      "f1-score": 0.9999250056245782,
      "support": 20000.0
    },
    "8": {
      "precision": 0.9993965725319817,
      "recall": 1.0,
      "f1-score": 0.9996981952073399,
      "support": 8281.0
    },
    "9": {
      "precision": 0.9999499949995,
      "recall": 0.99985,
      "f1-score": 0.99989999499975,
      "support": 20000.0
    },
    "10": {
      "precision": 0.0,
      "recall": 0.0,
      "f1-score": 0.0,
      "support": 11.0
    },
    "11": {
      "precision": 0.9984886649874055,
      "recall": 1.0,
      "f1-score": 0.999243761028485,
      "support": 1982.0
    },
    "12": {
      "precision": 0.940277414289453,
      "recall": 0.9468690702087287,
      "f1-score": 0.9435617301783229,
      "support": 18972.0
    },
    "13": {
      "precision": 0.6666666666666666,
      "recall": 0.7058823529411765,
      "f1-score": 0.6857142857142857,
      "support": 17.0
    },
    "accuracy": 0.9852369642664364,
    "macro avg": {
      "precision": 0.8479401961377085,
      "recall": 0.8813253548298603,
      "f1-score": 0.8571440787101082,
      "support": 148208.0
    },
    "weighted avg": {
      "precision": 0.9852127184108336,
      "recall": 0.9852369642664364,
      "f1-score": 0.9852140749072378,
      "support": 148208.0
    }
  },
  "confusion_matrix": [
    [
      18859,
      0,
      0,
      0,
      0,
      0,
      0,
      3,
      2,
      0,
      0,
      1,
      1134,
      1
    ],
    [
      0,
      19998,
      0,
      0,
      0,
      0,
      0,
      0,
      0,
      0,
      0,
      0,
      2,
      0
    ],
    [
      3,
      0,
      71,
      2,
      0,
      0,
      0,
      0,
      0,
      0,
      0,
      0,
      1,
      4
    ],
    [
      2,
      0,
      2,
      39,
      0,
      0,
      0,
      0,
      0,
      0,
      0,
      0,
      1,
      1
    ],
    [
      0,
      0,
      0,
      0,
      18807,
      1,
      0,
      0,
      0,
      1,
      0,
      0,
      0,
      0
    ],
    [
      0,
      0,
      0,
      0,
      0,
      10,
      0,
      0,
      0,
      0,
      0,
      0,
      0,
      0
    ],
    [
      0,
      0,
      0,
      0,
      0,
      0,
      20000,
      0,
      0,
      0,
      0,
      0,
      0,
      0
    ],
    [
      0,
      0,
      0,
      0,
      0,
      0,
      0,
      20000,
      0,
      0,
      0,
      0,
      0,
      0
    ],
    [
      0,
      0,
      0,
      0,
      0,
      0,
      0,
      0,
      8281,
      0,
      0,
      0,
      0,
      0
    ],
    [
      0,
      0,
      0,
      0,
      0,
      0,
      0,
      0,
      3,
      19997,
      0,
      0,
      0,
      0
    ],
    [
      0,
      0,
      0,
      0,
      0,
      11,
      0,
      0,
      0,
      0,
      0,
      0,
      0,
      0
    ],
    [
      0,
      0,
      0,
      0,
      0,
      0,
      0,
      0,
      0,
      0,
      0,
      1982,
      0,
      0
    ],
    [
      999,
      0,
      2,
      1,
      0,
      0,
      4,
      0,
      0,
      0,
      0,
      2,
      17964,
      0
    ],
    [
      1,
      0,
      1,
      0,
      0,
      0,
      0,
      0,
      0,
      0,
      0,
      0,
      3,
      12
    ]
  ],
  "features": [
    "Dst Port",
    "ACK Flag Cnt",
    "Active Max",
    "Active Mean",
    "Active Min",
    "Active Std",
    "Bwd IAT Max",
    "Bwd IAT Mean",
    "Bwd IAT Min",
    "Bwd IAT Std",
    "Bwd IAT Tot",
    "Bwd Header Len",
    "Bwd Pkts/s",
    "Bwd Pkt Len Max",
    "Bwd Pkt Len Mean",
    "Bwd Pkt Len Min",
    "Bwd Pkt Len Std",
    "Bwd Seg Size Avg",
    "Down/Up Ratio",
    "ECE Flag Cnt",
    "Flow Byts/s",
    "Flow Duration",
    "Flow IAT Max",
    "Flow IAT Mean",
    "Flow IAT Min",
    "Flow IAT Std",
    "Flow Pkts/s",
    "Fwd Act Data Pkts",
    "Fwd Header Len",
    "Fwd IAT Max",
    "Fwd IAT Mean",
    "Fwd IAT Min",
    "Fwd IAT Std",
    "Fwd IAT Tot",
    "Fwd Pkts/s",
    "Fwd Pkt Len Max",
    "Fwd Pkt Len Mean",
    "Fwd Pkt Len Min",
    "Fwd Pkt Len Std",
    "Fwd Seg Size Avg",
    "Fwd Seg Size Min",
    "Init Fwd Win Byts",
    "Idle Max",
    "Idle Mean",
    "Idle Min",
    "Idle Std",
    "PSH Flag Cnt",
    "Pkt Len Max",
    "Pkt Len Mean",
    "Pkt Len Min",
    "Pkt Len Std",
    "Pkt Len Var",
    "Pkt Size Avg",
    "RST Flag Cnt",
    "Subflow Bwd Byts",
    "Subflow Bwd Pkts",
    "Subflow Fwd Byts",
    "Subflow Fwd Pkts",
    "Tot Bwd Pkts",
    "Tot Fwd Pkts",
    "TotLen Bwd Pkts",
    "TotLen Fwd Pkts"
  ],
  "cat_features": []
}