{
  "raw": {
    "accuracy": 0.9534629538640489,
    "f1_macro": 0.8428973004182788,
    "precision_macro": 0.8591244157074293,
    "recall_macro": 0.8341488522214053
  },
  "thresholded": {
    "accuracy": 0.9534830086135149,
    "f1_macro": 0.8428963120470626,
    "precision_macro": 0.8592154888186705,
    "recall_macro": 0.8341599633325164
  }
}