{
  "accuracy": 0.9856945085371481,
  "f1_macro": 0.9178798836849731,
  "precision_macro": 0.9392598388308221,
  "recall_macro": 0.9018573101898454,
  "classes": [
    "Benign",
    "DoS",
    "Probe",
    "R2L",
    "U2R"
  ]
}