{
  "accuracy": 0.9934817720350715,
  "f1_macro": 0.9369692916968064,
  "precision_macro": 0.9455864534601272,
  "recall_macro": 0.9290478613249565,
  "classes": [
    "Benign",
    "DoS",
    "Probe",
    "R2L",
    "U2R"
  ]
}