{
  "catb": {
    "accuracy": 0.4042455006922012,
    "f1_macro": 0.31821440721605543,
    "precision_macro": 0.31766316621911883,
    "recall_macro": 0.37938594818849897,
    "classes": [
      "Benign",
      "DoS",
      "Probe",
      "R2L",
      "U2R"
    ]
  }
}