{
  "accuracy": 0.9023996308260268,
  "f1_macro": 0.6863904270556898,
  "precision_macro": 0.6757338543159794,
  "recall_macro": 0.7201458860024191,
  "classes": [
    "Benign",
    "DoS",
    "Probe",
    "R2L",
    "U2R"
  ]
}